<annotation>
	<folder>img</folder>
	<filename>1661224972869.jpg</filename>
	<path>C:\Users\sipeed\Desktop\fomomore\data\train\img\1661224972869.jpg</path>
	<source>
		<database>Unknown</database>
	</source>
	<size>
		<width>128</width>
		<height>128</height>
		<depth>3</depth>
	</size>
	<segmented>0</segmented>
	<object>
		<name>zhituan</name>
		<pose>Unspecified</pose>
		<truncated>0</truncated>
		<difficult>0</difficult>
		<bndbox>
			<xmin>76</xmin>
			<ymin>42</ymin>
			<xmax>83</xmax>
			<ymax>50</ymax>
		</bndbox>
	</object>
	<object>
		<name>zhituan</name>
		<pose>Unspecified</pose>
		<truncated>0</truncated>
		<difficult>0</difficult>
		<bndbox>
			<xmin>74</xmin>
			<ymin>26</ymin>
			<xmax>79</xmax>
			<ymax>31</ymax>
		</bndbox>
	</object>
	<object>
		<name>zhituan</name>
		<pose>Unspecified</pose>
		<truncated>0</truncated>
		<difficult>0</difficult>
		<bndbox>
			<xmin>66</xmin>
			<ymin>12</ymin>
			<xmax>70</xmax>
			<ymax>18</ymax>
		</bndbox>
	</object>
	<object>
		<name>zhituan</name>
		<pose>Unspecified</pose>
		<truncated>0</truncated>
		<difficult>0</difficult>
		<bndbox>
			<xmin>56</xmin>
			<ymin>20</ymin>
			<xmax>61</xmax>
			<ymax>27</ymax>
		</bndbox>
	</object>
	<object>
		<name>zhituan</name>
		<pose>Unspecified</pose>
		<truncated>0</truncated>
		<difficult>0</difficult>
		<bndbox>
			<xmin>48</xmin>
			<ymin>38</ymin>
			<xmax>55</xmax>
			<ymax>44</ymax>
		</bndbox>
	</object>
	<object>
		<name>zhituan</name>
		<pose>Unspecified</pose>
		<truncated>0</truncated>
		<difficult>0</difficult>
		<bndbox>
			<xmin>44</xmin>
			<ymin>66</ymin>
			<xmax>50</xmax>
			<ymax>72</ymax>
		</bndbox>
	</object>
	<object>
		<name>zhituan</name>
		<pose>Unspecified</pose>
		<truncated>0</truncated>
		<difficult>0</difficult>
		<bndbox>
			<xmin>23</xmin>
			<ymin>61</ymin>
			<xmax>33</xmax>
			<ymax>69</ymax>
		</bndbox>
	</object>
	<object>
		<name>zhituan</name>
		<pose>Unspecified</pose>
		<truncated>0</truncated>
		<difficult>0</difficult>
		<bndbox>
			<xmin>2</xmin>
			<ymin>52</ymin>
			<xmax>11</xmax>
			<ymax>59</ymax>
		</bndbox>
	</object>
	<object>
		<name>zhituan</name>
		<pose>Unspecified</pose>
		<truncated>0</truncated>
		<difficult>0</difficult>
		<bndbox>
			<xmin>7</xmin>
			<ymin>32</ymin>
			<xmax>15</xmax>
			<ymax>38</ymax>
		</bndbox>
	</object>
	<object>
		<name>zhituan</name>
		<pose>Unspecified</pose>
		<truncated>0</truncated>
		<difficult>0</difficult>
		<bndbox>
			<xmin>21</xmin>
			<ymin>33</ymin>
			<xmax>34</xmax>
			<ymax>40</ymax>
		</bndbox>
	</object>
	<object>
		<name>zhituan</name>
		<pose>Unspecified</pose>
		<truncated>0</truncated>
		<difficult>0</difficult>
		<bndbox>
			<xmin>22</xmin>
			<ymin>21</ymin>
			<xmax>29</xmax>
			<ymax>26</ymax>
		</bndbox>
	</object>
</annotation>
