<annotation>
	<folder>img</folder>
	<filename>1661224972907.jpg</filename>
	<path>C:\Users\sipeed\Desktop\fomomore\data\train\img\1661224972907.jpg</path>
	<source>
		<database>Unknown</database>
	</source>
	<size>
		<width>128</width>
		<height>128</height>
		<depth>3</depth>
	</size>
	<segmented>0</segmented>
	<object>
		<name>zhituan</name>
		<pose>Unspecified</pose>
		<truncated>0</truncated>
		<difficult>0</difficult>
		<bndbox>
			<xmin>58</xmin>
			<ymin>50</ymin>
			<xmax>65</xmax>
			<ymax>55</ymax>
		</bndbox>
	</object>
	<object>
		<name>zhituan</name>
		<pose>Unspecified</pose>
		<truncated>0</truncated>
		<difficult>0</difficult>
		<bndbox>
			<xmin>52</xmin>
			<ymin>80</ymin>
			<xmax>57</xmax>
			<ymax>87</ymax>
		</bndbox>
	</object>
	<object>
		<name>zhituan</name>
		<pose>Unspecified</pose>
		<truncated>0</truncated>
		<difficult>0</difficult>
		<bndbox>
			<xmin>29</xmin>
			<ymin>73</ymin>
			<xmax>39</xmax>
			<ymax>84</ymax>
		</bndbox>
	</object>
	<object>
		<name>zhituan</name>
		<pose>Unspecified</pose>
		<truncated>0</truncated>
		<difficult>0</difficult>
		<bndbox>
			<xmin>9</xmin>
			<ymin>63</ymin>
			<xmax>19</xmax>
			<ymax>69</ymax>
		</bndbox>
	</object>
	<object>
		<name>zhituan</name>
		<pose>Unspecified</pose>
		<truncated>0</truncated>
		<difficult>0</difficult>
		<bndbox>
			<xmin>16</xmin>
			<ymin>40</ymin>
			<xmax>27</xmax>
			<ymax>47</ymax>
		</bndbox>
	</object>
	<object>
		<name>zhituan</name>
		<pose>Unspecified</pose>
		<truncated>0</truncated>
		<difficult>0</difficult>
		<bndbox>
			<xmin>32</xmin>
			<ymin>41</ymin>
			<xmax>42</xmax>
			<ymax>51</ymax>
		</bndbox>
	</object>
	<object>
		<name>zhituan</name>
		<pose>Unspecified</pose>
		<truncated>0</truncated>
		<difficult>0</difficult>
		<bndbox>
			<xmin>32</xmin>
			<ymin>30</ymin>
			<xmax>41</xmax>
			<ymax>35</ymax>
		</bndbox>
	</object>
	<object>
		<name>zhituan</name>
		<pose>Unspecified</pose>
		<truncated>0</truncated>
		<difficult>0</difficult>
		<bndbox>
			<xmin>68</xmin>
			<ymin>33</ymin>
			<xmax>76</xmax>
			<ymax>40</ymax>
		</bndbox>
	</object>
	<object>
		<name>zhituan</name>
		<pose>Unspecified</pose>
		<truncated>0</truncated>
		<difficult>0</difficult>
		<bndbox>
			<xmin>78</xmin>
			<ymin>24</ymin>
			<xmax>83</xmax>
			<ymax>29</ymax>
		</bndbox>
	</object>
	<object>
		<name>zhituan</name>
		<pose>Unspecified</pose>
		<truncated>0</truncated>
		<difficult>0</difficult>
		<bndbox>
			<xmin>86</xmin>
			<ymin>38</ymin>
			<xmax>93</xmax>
			<ymax>44</ymax>
		</bndbox>
	</object>
	<object>
		<name>zhituan</name>
		<pose>Unspecified</pose>
		<truncated>0</truncated>
		<difficult>0</difficult>
		<bndbox>
			<xmin>87</xmin>
			<ymin>57</ymin>
			<xmax>94</xmax>
			<ymax>65</ymax>
		</bndbox>
	</object>
</annotation>
