<annotation>
	<folder>img</folder>
	<filename>1661224972951.jpg</filename>
	<path>C:\Users\sipeed\Desktop\fomomore\data\train\img\1661224972951.jpg</path>
	<source>
		<database>Unknown</database>
	</source>
	<size>
		<width>128</width>
		<height>128</height>
		<depth>3</depth>
	</size>
	<segmented>0</segmented>
	<object>
		<name>zhituan</name>
		<pose>Unspecified</pose>
		<truncated>0</truncated>
		<difficult>0</difficult>
		<bndbox>
			<xmin>34</xmin>
			<ymin>57</ymin>
			<xmax>41</xmax>
			<ymax>64</ymax>
		</bndbox>
	</object>
	<object>
		<name>zhituan</name>
		<pose>Unspecified</pose>
		<truncated>0</truncated>
		<difficult>0</difficult>
		<bndbox>
			<xmin>14</xmin>
			<ymin>69</ymin>
			<xmax>25</xmax>
			<ymax>76</ymax>
		</bndbox>
	</object>
	<object>
		<name>zhituan</name>
		<pose>Unspecified</pose>
		<truncated>0</truncated>
		<difficult>0</difficult>
		<bndbox>
			<xmin>31</xmin>
			<ymin>74</ymin>
			<xmax>41</xmax>
			<ymax>83</ymax>
		</bndbox>
	</object>
	<object>
		<name>zhituan</name>
		<pose>Unspecified</pose>
		<truncated>0</truncated>
		<difficult>0</difficult>
		<bndbox>
			<xmin>55</xmin>
			<ymin>87</ymin>
			<xmax>66</xmax>
			<ymax>96</ymax>
		</bndbox>
	</object>
	<object>
		<name>zhituan</name>
		<pose>Unspecified</pose>
		<truncated>0</truncated>
		<difficult>0</difficult>
		<bndbox>
			<xmin>67</xmin>
			<ymin>67</ymin>
			<xmax>77</xmax>
			<ymax>74</ymax>
		</bndbox>
	</object>
	<object>
		<name>zhituan</name>
		<pose>Unspecified</pose>
		<truncated>0</truncated>
		<difficult>0</difficult>
		<bndbox>
			<xmin>82</xmin>
			<ymin>58</ymin>
			<xmax>87</xmax>
			<ymax>62</ymax>
		</bndbox>
	</object>
	<object>
		<name>zhituan</name>
		<pose>Unspecified</pose>
		<truncated>0</truncated>
		<difficult>0</difficult>
		<bndbox>
			<xmin>88</xmin>
			<ymin>78</ymin>
			<xmax>95</xmax>
			<ymax>83</ymax>
		</bndbox>
	</object>
	<object>
		<name>zhituan</name>
		<pose>Unspecified</pose>
		<truncated>0</truncated>
		<difficult>0</difficult>
		<bndbox>
			<xmin>85</xmin>
			<ymin>104</ymin>
			<xmax>93</xmax>
			<ymax>111</ymax>
		</bndbox>
	</object>
	<object>
		<name>zhituan</name>
		<pose>Unspecified</pose>
		<truncated>0</truncated>
		<difficult>0</difficult>
		<bndbox>
			<xmin>2</xmin>
			<ymin>93</ymin>
			<xmax>13</xmax>
			<ymax>101</ymax>
		</bndbox>
	</object>
	<object>
		<name>zhituan</name>
		<pose>Unspecified</pose>
		<truncated>0</truncated>
		<difficult>0</difficult>
		<bndbox>
			<xmin>19</xmin>
			<ymin>112</ymin>
			<xmax>33</xmax>
			<ymax>124</ymax>
		</bndbox>
	</object>
</annotation>
