<annotation>
	<folder>img</folder>
	<filename>1661224972457.jpg</filename>
	<path>C:\Users\sipeed\Desktop\fomomore\data\train\img\1661224972457.jpg</path>
	<source>
		<database>Unknown</database>
	</source>
	<size>
		<width>128</width>
		<height>128</height>
		<depth>3</depth>
	</size>
	<segmented>0</segmented>
	<object>
		<name>zhituan</name>
		<pose>Unspecified</pose>
		<truncated>0</truncated>
		<difficult>0</difficult>
		<bndbox>
			<xmin>50</xmin>
			<ymin>37</ymin>
			<xmax>57</xmax>
			<ymax>42</ymax>
		</bndbox>
	</object>
	<object>
		<name>zhituan</name>
		<pose>Unspecified</pose>
		<truncated>0</truncated>
		<difficult>0</difficult>
		<bndbox>
			<xmin>74</xmin>
			<ymin>41</ymin>
			<xmax>81</xmax>
			<ymax>47</ymax>
		</bndbox>
	</object>
	<object>
		<name>zhituan</name>
		<pose>Unspecified</pose>
		<truncated>0</truncated>
		<difficult>0</difficult>
		<bndbox>
			<xmin>53</xmin>
			<ymin>45</ymin>
			<xmax>60</xmax>
			<ymax>51</ymax>
		</bndbox>
	</object>
	<object>
		<name>zhituan</name>
		<pose>Unspecified</pose>
		<truncated>0</truncated>
		<difficult>0</difficult>
		<bndbox>
			<xmin>76</xmin>
			<ymin>64</ymin>
			<xmax>84</xmax>
			<ymax>72</ymax>
		</bndbox>
	</object>
	<object>
		<name>zhituan</name>
		<pose>Unspecified</pose>
		<truncated>0</truncated>
		<difficult>0</difficult>
		<bndbox>
			<xmin>49</xmin>
			<ymin>79</ymin>
			<xmax>57</xmax>
			<ymax>86</ymax>
		</bndbox>
	</object>
	<object>
		<name>zhituan</name>
		<pose>Unspecified</pose>
		<truncated>0</truncated>
		<difficult>0</difficult>
		<bndbox>
			<xmin>24</xmin>
			<ymin>77</ymin>
			<xmax>33</xmax>
			<ymax>86</ymax>
		</bndbox>
	</object>
	<object>
		<name>zhituan</name>
		<pose>Unspecified</pose>
		<truncated>0</truncated>
		<difficult>0</difficult>
		<bndbox>
			<xmin>30</xmin>
			<ymin>36</ymin>
			<xmax>36</xmax>
			<ymax>41</ymax>
		</bndbox>
	</object>
	<object>
		<name>zhituan</name>
		<pose>Unspecified</pose>
		<truncated>0</truncated>
		<difficult>0</difficult>
		<bndbox>
			<xmin>4</xmin>
			<ymin>46</ymin>
			<xmax>12</xmax>
			<ymax>51</ymax>
		</bndbox>
	</object>
	<object>
		<name>zhituan</name>
		<pose>Unspecified</pose>
		<truncated>0</truncated>
		<difficult>0</difficult>
		<bndbox>
			<xmin>23</xmin>
			<ymin>56</ymin>
			<xmax>33</xmax>
			<ymax>64</ymax>
		</bndbox>
	</object>
	<object>
		<name>zhituan</name>
		<pose>Unspecified</pose>
		<truncated>1</truncated>
		<difficult>0</difficult>
		<bndbox>
			<xmin>1</xmin>
			<ymin>81</ymin>
			<xmax>10</xmax>
			<ymax>90</ymax>
		</bndbox>
	</object>
</annotation>
