<annotation>
	<folder>img</folder>
	<filename>1661224972524.jpg</filename>
	<path>C:\Users\sipeed\Desktop\fomomore\data\train\img\1661224972524.jpg</path>
	<source>
		<database>Unknown</database>
	</source>
	<size>
		<width>128</width>
		<height>128</height>
		<depth>3</depth>
	</size>
	<segmented>0</segmented>
	<object>
		<name>zhituan</name>
		<pose>Unspecified</pose>
		<truncated>0</truncated>
		<difficult>0</difficult>
		<bndbox>
			<xmin>49</xmin>
			<ymin>41</ymin>
			<xmax>55</xmax>
			<ymax>46</ymax>
		</bndbox>
	</object>
	<object>
		<name>zhituan</name>
		<pose>Unspecified</pose>
		<truncated>0</truncated>
		<difficult>0</difficult>
		<bndbox>
			<xmin>71</xmin>
			<ymin>47</ymin>
			<xmax>80</xmax>
			<ymax>53</ymax>
		</bndbox>
	</object>
	<object>
		<name>zhituan</name>
		<pose>Unspecified</pose>
		<truncated>0</truncated>
		<difficult>0</difficult>
		<bndbox>
			<xmin>72</xmin>
			<ymin>61</ymin>
			<xmax>81</xmax>
			<ymax>68</ymax>
		</bndbox>
	</object>
	<object>
		<name>zhituan</name>
		<pose>Unspecified</pose>
		<truncated>0</truncated>
		<difficult>0</difficult>
		<bndbox>
			<xmin>99</xmin>
			<ymin>58</ymin>
			<xmax>105</xmax>
			<ymax>63</ymax>
		</bndbox>
	</object>
	<object>
		<name>zhituan</name>
		<pose>Unspecified</pose>
		<truncated>0</truncated>
		<difficult>0</difficult>
		<bndbox>
			<xmin>97</xmin>
			<ymin>89</ymin>
			<xmax>107</xmax>
			<ymax>96</ymax>
		</bndbox>
	</object>
	<object>
		<name>zhituan</name>
		<pose>Unspecified</pose>
		<truncated>0</truncated>
		<difficult>0</difficult>
		<bndbox>
			<xmin>69</xmin>
			<ymin>102</ymin>
			<xmax>77</xmax>
			<ymax>110</ymax>
		</bndbox>
	</object>
	<object>
		<name>zhituan</name>
		<pose>Unspecified</pose>
		<truncated>0</truncated>
		<difficult>0</difficult>
		<bndbox>
			<xmin>41</xmin>
			<ymin>95</ymin>
			<xmax>52</xmax>
			<ymax>104</ymax>
		</bndbox>
	</object>
	<object>
		<name>zhituan</name>
		<pose>Unspecified</pose>
		<truncated>0</truncated>
		<difficult>0</difficult>
		<bndbox>
			<xmin>43</xmin>
			<ymin>68</ymin>
			<xmax>55</xmax>
			<ymax>78</ymax>
		</bndbox>
	</object>
	<object>
		<name>zhituan</name>
		<pose>Unspecified</pose>
		<truncated>0</truncated>
		<difficult>0</difficult>
		<bndbox>
			<xmin>24</xmin>
			<ymin>51</ymin>
			<xmax>36</xmax>
			<ymax>57</ymax>
		</bndbox>
	</object>
	<object>
		<name>zhituan</name>
		<pose>Unspecified</pose>
		<truncated>0</truncated>
		<difficult>0</difficult>
		<bndbox>
			<xmin>8</xmin>
			<ymin>63</ymin>
			<xmax>18</xmax>
			<ymax>71</ymax>
		</bndbox>
	</object>
	<object>
		<name>zhituan</name>
		<pose>Unspecified</pose>
		<truncated>0</truncated>
		<difficult>0</difficult>
		<bndbox>
			<xmin>22</xmin>
			<ymin>97</ymin>
			<xmax>32</xmax>
			<ymax>106</ymax>
		</bndbox>
	</object>
</annotation>
