<annotation>
	<folder>img</folder>
	<filename>1661312942415.jpg</filename>
	<path>C:\Users\sipeed\Desktop\fomomore\data\train\img\1661312942415.jpg</path>
	<source>
		<database>Unknown</database>
	</source>
	<size>
		<width>128</width>
		<height>128</height>
		<depth>3</depth>
	</size>
	<segmented>0</segmented>
	<object>
		<name>luosi</name>
		<pose>Unspecified</pose>
		<truncated>0</truncated>
		<difficult>0</difficult>
		<bndbox>
			<xmin>86</xmin>
			<ymin>24</ymin>
			<xmax>91</xmax>
			<ymax>29</ymax>
		</bndbox>
	</object>
	<object>
		<name>luosi</name>
		<pose>Unspecified</pose>
		<truncated>0</truncated>
		<difficult>0</difficult>
		<bndbox>
			<xmin>78</xmin>
			<ymin>31</ymin>
			<xmax>84</xmax>
			<ymax>36</ymax>
		</bndbox>
	</object>
	<object>
		<name>luosi</name>
		<pose>Unspecified</pose>
		<truncated>0</truncated>
		<difficult>0</difficult>
		<bndbox>
			<xmin>88</xmin>
			<ymin>44</ymin>
			<xmax>93</xmax>
			<ymax>49</ymax>
		</bndbox>
	</object>
	<object>
		<name>luosi</name>
		<pose>Unspecified</pose>
		<truncated>0</truncated>
		<difficult>0</difficult>
		<bndbox>
			<xmin>96</xmin>
			<ymin>40</ymin>
			<xmax>101</xmax>
			<ymax>45</ymax>
		</bndbox>
	</object>
	<object>
		<name>luosi</name>
		<pose>Unspecified</pose>
		<truncated>0</truncated>
		<difficult>0</difficult>
		<bndbox>
			<xmin>109</xmin>
			<ymin>41</ymin>
			<xmax>115</xmax>
			<ymax>45</ymax>
		</bndbox>
	</object>
	<object>
		<name>luosi</name>
		<pose>Unspecified</pose>
		<truncated>0</truncated>
		<difficult>0</difficult>
		<bndbox>
			<xmin>106</xmin>
			<ymin>54</ymin>
			<xmax>111</xmax>
			<ymax>60</ymax>
		</bndbox>
	</object>
	<object>
		<name>luosi</name>
		<pose>Unspecified</pose>
		<truncated>0</truncated>
		<difficult>0</difficult>
		<bndbox>
			<xmin>98</xmin>
			<ymin>67</ymin>
			<xmax>104</xmax>
			<ymax>72</ymax>
		</bndbox>
	</object>
	<object>
		<name>luosi</name>
		<pose>Unspecified</pose>
		<truncated>0</truncated>
		<difficult>0</difficult>
		<bndbox>
			<xmin>98</xmin>
			<ymin>94</ymin>
			<xmax>104</xmax>
			<ymax>100</ymax>
		</bndbox>
	</object>
	<object>
		<name>luosi</name>
		<pose>Unspecified</pose>
		<truncated>0</truncated>
		<difficult>0</difficult>
		<bndbox>
			<xmin>99</xmin>
			<ymin>102</ymin>
			<xmax>106</xmax>
			<ymax>106</ymax>
		</bndbox>
	</object>
	<object>
		<name>luosi</name>
		<pose>Unspecified</pose>
		<truncated>0</truncated>
		<difficult>0</difficult>
		<bndbox>
			<xmin>55</xmin>
			<ymin>105</ymin>
			<xmax>61</xmax>
			<ymax>110</ymax>
		</bndbox>
	</object>
	<object>
		<name>luosi</name>
		<pose>Unspecified</pose>
		<truncated>0</truncated>
		<difficult>0</difficult>
		<bndbox>
			<xmin>65</xmin>
			<ymin>90</ymin>
			<xmax>69</xmax>
			<ymax>94</ymax>
		</bndbox>
	</object>
	<object>
		<name>luosi</name>
		<pose>Unspecified</pose>
		<truncated>0</truncated>
		<difficult>0</difficult>
		<bndbox>
			<xmin>66</xmin>
			<ymin>84</ymin>
			<xmax>72</xmax>
			<ymax>90</ymax>
		</bndbox>
	</object>
	<object>
		<name>luosi</name>
		<pose>Unspecified</pose>
		<truncated>0</truncated>
		<difficult>0</difficult>
		<bndbox>
			<xmin>59</xmin>
			<ymin>72</ymin>
			<xmax>64</xmax>
			<ymax>77</ymax>
		</bndbox>
	</object>
	<object>
		<name>luosi</name>
		<pose>Unspecified</pose>
		<truncated>0</truncated>
		<difficult>0</difficult>
		<bndbox>
			<xmin>70</xmin>
			<ymin>70</ymin>
			<xmax>76</xmax>
			<ymax>76</ymax>
		</bndbox>
	</object>
	<object>
		<name>luosi</name>
		<pose>Unspecified</pose>
		<truncated>0</truncated>
		<difficult>0</difficult>
		<bndbox>
			<xmin>78</xmin>
			<ymin>61</ymin>
			<xmax>84</xmax>
			<ymax>66</ymax>
		</bndbox>
	</object>
	<object>
		<name>luosi</name>
		<pose>Unspecified</pose>
		<truncated>0</truncated>
		<difficult>0</difficult>
		<bndbox>
			<xmin>85</xmin>
			<ymin>58</ymin>
			<xmax>91</xmax>
			<ymax>63</ymax>
		</bndbox>
	</object>
	<object>
		<name>luosi</name>
		<pose>Unspecified</pose>
		<truncated>0</truncated>
		<difficult>0</difficult>
		<bndbox>
			<xmin>72</xmin>
			<ymin>51</ymin>
			<xmax>78</xmax>
			<ymax>56</ymax>
		</bndbox>
	</object>
	<object>
		<name>luosi</name>
		<pose>Unspecified</pose>
		<truncated>0</truncated>
		<difficult>0</difficult>
		<bndbox>
			<xmin>65</xmin>
			<ymin>45</ymin>
			<xmax>71</xmax>
			<ymax>50</ymax>
		</bndbox>
	</object>
	<object>
		<name>luosi</name>
		<pose>Unspecified</pose>
		<truncated>0</truncated>
		<difficult>0</difficult>
		<bndbox>
			<xmin>60</xmin>
			<ymin>47</ymin>
			<xmax>65</xmax>
			<ymax>52</ymax>
		</bndbox>
	</object>
	<object>
		<name>luosi</name>
		<pose>Unspecified</pose>
		<truncated>0</truncated>
		<difficult>0</difficult>
		<bndbox>
			<xmin>55</xmin>
			<ymin>50</ymin>
			<xmax>60</xmax>
			<ymax>54</ymax>
		</bndbox>
	</object>
	<object>
		<name>luosi</name>
		<pose>Unspecified</pose>
		<truncated>0</truncated>
		<difficult>0</difficult>
		<bndbox>
			<xmin>46</xmin>
			<ymin>30</ymin>
			<xmax>52</xmax>
			<ymax>35</ymax>
		</bndbox>
	</object>
	<object>
		<name>luosi</name>
		<pose>Unspecified</pose>
		<truncated>0</truncated>
		<difficult>0</difficult>
		<bndbox>
			<xmin>38</xmin>
			<ymin>47</ymin>
			<xmax>43</xmax>
			<ymax>52</ymax>
		</bndbox>
	</object>
	<object>
		<name>luosi</name>
		<pose>Unspecified</pose>
		<truncated>0</truncated>
		<difficult>0</difficult>
		<bndbox>
			<xmin>31</xmin>
			<ymin>62</ymin>
			<xmax>36</xmax>
			<ymax>66</ymax>
		</bndbox>
	</object>
	<object>
		<name>luosi</name>
		<pose>Unspecified</pose>
		<truncated>0</truncated>
		<difficult>0</difficult>
		<bndbox>
			<xmin>40</xmin>
			<ymin>75</ymin>
			<xmax>45</xmax>
			<ymax>81</ymax>
		</bndbox>
	</object>
	<object>
		<name>luosi</name>
		<pose>Unspecified</pose>
		<truncated>0</truncated>
		<difficult>0</difficult>
		<bndbox>
			<xmin>52</xmin>
			<ymin>79</ymin>
			<xmax>58</xmax>
			<ymax>85</ymax>
		</bndbox>
	</object>
	<object>
		<name>luosi</name>
		<pose>Unspecified</pose>
		<truncated>0</truncated>
		<difficult>0</difficult>
		<bndbox>
			<xmin>41</xmin>
			<ymin>86</ymin>
			<xmax>46</xmax>
			<ymax>91</ymax>
		</bndbox>
	</object>
</annotation>
