<annotation>
	<folder>img</folder>
	<filename>1661313352574.jpg</filename>
	<path>C:\Users\sipeed\Desktop\fomomore\data\train\img\1661313352574.jpg</path>
	<source>
		<database>Unknown</database>
	</source>
	<size>
		<width>128</width>
		<height>128</height>
		<depth>3</depth>
	</size>
	<segmented>0</segmented>
	<object>
		<name>luosi</name>
		<pose>Unspecified</pose>
		<truncated>0</truncated>
		<difficult>0</difficult>
		<bndbox>
			<xmin>21</xmin>
			<ymin>51</ymin>
			<xmax>28</xmax>
			<ymax>57</ymax>
		</bndbox>
	</object>
	<object>
		<name>luosi</name>
		<pose>Unspecified</pose>
		<truncated>0</truncated>
		<difficult>0</difficult>
		<bndbox>
			<xmin>15</xmin>
			<ymin>65</ymin>
			<xmax>21</xmax>
			<ymax>72</ymax>
		</bndbox>
	</object>
	<object>
		<name>luosi</name>
		<pose>Unspecified</pose>
		<truncated>0</truncated>
		<difficult>0</difficult>
		<bndbox>
			<xmin>29</xmin>
			<ymin>64</ymin>
			<xmax>36</xmax>
			<ymax>71</ymax>
		</bndbox>
	</object>
	<object>
		<name>luosi</name>
		<pose>Unspecified</pose>
		<truncated>0</truncated>
		<difficult>0</difficult>
		<bndbox>
			<xmin>35</xmin>
			<ymin>73</ymin>
			<xmax>42</xmax>
			<ymax>79</ymax>
		</bndbox>
	</object>
	<object>
		<name>luosi</name>
		<pose>Unspecified</pose>
		<truncated>0</truncated>
		<difficult>0</difficult>
		<bndbox>
			<xmin>40</xmin>
			<ymin>77</ymin>
			<xmax>45</xmax>
			<ymax>83</ymax>
		</bndbox>
	</object>
	<object>
		<name>luosi</name>
		<pose>Unspecified</pose>
		<truncated>0</truncated>
		<difficult>0</difficult>
		<bndbox>
			<xmin>56</xmin>
			<ymin>76</ymin>
			<xmax>63</xmax>
			<ymax>82</ymax>
		</bndbox>
	</object>
	<object>
		<name>luosi</name>
		<pose>Unspecified</pose>
		<truncated>0</truncated>
		<difficult>0</difficult>
		<bndbox>
			<xmin>68</xmin>
			<ymin>81</ymin>
			<xmax>74</xmax>
			<ymax>87</ymax>
		</bndbox>
	</object>
	<object>
		<name>luosi</name>
		<pose>Unspecified</pose>
		<truncated>0</truncated>
		<difficult>0</difficult>
		<bndbox>
			<xmin>70</xmin>
			<ymin>71</ymin>
			<xmax>77</xmax>
			<ymax>76</ymax>
		</bndbox>
	</object>
	<object>
		<name>luosi</name>
		<pose>Unspecified</pose>
		<truncated>0</truncated>
		<difficult>0</difficult>
		<bndbox>
			<xmin>48</xmin>
			<ymin>59</ymin>
			<xmax>53</xmax>
			<ymax>64</ymax>
		</bndbox>
	</object>
	<object>
		<name>luosi</name>
		<pose>Unspecified</pose>
		<truncated>0</truncated>
		<difficult>0</difficult>
		<bndbox>
			<xmin>49</xmin>
			<ymin>49</ymin>
			<xmax>54</xmax>
			<ymax>54</ymax>
		</bndbox>
	</object>
	<object>
		<name>luosi</name>
		<pose>Unspecified</pose>
		<truncated>0</truncated>
		<difficult>0</difficult>
		<bndbox>
			<xmin>52</xmin>
			<ymin>42</ymin>
			<xmax>57</xmax>
			<ymax>48</ymax>
		</bndbox>
	</object>
	<object>
		<name>luosi</name>
		<pose>Unspecified</pose>
		<truncated>0</truncated>
		<difficult>0</difficult>
		<bndbox>
			<xmin>34</xmin>
			<ymin>31</ymin>
			<xmax>39</xmax>
			<ymax>36</ymax>
		</bndbox>
	</object>
	<object>
		<name>luosi</name>
		<pose>Unspecified</pose>
		<truncated>0</truncated>
		<difficult>0</difficult>
		<bndbox>
			<xmin>38</xmin>
			<ymin>24</ymin>
			<xmax>43</xmax>
			<ymax>29</ymax>
		</bndbox>
	</object>
	<object>
		<name>luosi</name>
		<pose>Unspecified</pose>
		<truncated>0</truncated>
		<difficult>0</difficult>
		<bndbox>
			<xmin>47</xmin>
			<ymin>26</ymin>
			<xmax>51</xmax>
			<ymax>32</ymax>
		</bndbox>
	</object>
	<object>
		<name>luosi</name>
		<pose>Unspecified</pose>
		<truncated>0</truncated>
		<difficult>0</difficult>
		<bndbox>
			<xmin>57</xmin>
			<ymin>29</ymin>
			<xmax>61</xmax>
			<ymax>33</ymax>
		</bndbox>
	</object>
	<object>
		<name>luosi</name>
		<pose>Unspecified</pose>
		<truncated>0</truncated>
		<difficult>0</difficult>
		<bndbox>
			<xmin>63</xmin>
			<ymin>26</ymin>
			<xmax>68</xmax>
			<ymax>31</ymax>
		</bndbox>
	</object>
	<object>
		<name>luosi</name>
		<pose>Unspecified</pose>
		<truncated>0</truncated>
		<difficult>0</difficult>
		<bndbox>
			<xmin>61</xmin>
			<ymin>18</ymin>
			<xmax>67</xmax>
			<ymax>23</ymax>
		</bndbox>
	</object>
	<object>
		<name>luosi</name>
		<pose>Unspecified</pose>
		<truncated>0</truncated>
		<difficult>0</difficult>
		<bndbox>
			<xmin>73</xmin>
			<ymin>29</ymin>
			<xmax>79</xmax>
			<ymax>34</ymax>
		</bndbox>
	</object>
	<object>
		<name>luosi</name>
		<pose>Unspecified</pose>
		<truncated>0</truncated>
		<difficult>0</difficult>
		<bndbox>
			<xmin>82</xmin>
			<ymin>40</ymin>
			<xmax>87</xmax>
			<ymax>45</ymax>
		</bndbox>
	</object>
	<object>
		<name>luosi</name>
		<pose>Unspecified</pose>
		<truncated>0</truncated>
		<difficult>0</difficult>
		<bndbox>
			<xmin>78</xmin>
			<ymin>45</ymin>
			<xmax>83</xmax>
			<ymax>49</ymax>
		</bndbox>
	</object>
	<object>
		<name>luosi</name>
		<pose>Unspecified</pose>
		<truncated>0</truncated>
		<difficult>0</difficult>
		<bndbox>
			<xmin>77</xmin>
			<ymin>50</ymin>
			<xmax>83</xmax>
			<ymax>57</ymax>
		</bndbox>
	</object>
	<object>
		<name>luosi</name>
		<pose>Unspecified</pose>
		<truncated>0</truncated>
		<difficult>0</difficult>
		<bndbox>
			<xmin>70</xmin>
			<ymin>50</ymin>
			<xmax>74</xmax>
			<ymax>56</ymax>
		</bndbox>
	</object>
	<object>
		<name>luosi</name>
		<pose>Unspecified</pose>
		<truncated>0</truncated>
		<difficult>0</difficult>
		<bndbox>
			<xmin>60</xmin>
			<ymin>53</ymin>
			<xmax>66</xmax>
			<ymax>59</ymax>
		</bndbox>
	</object>
	<object>
		<name>luosi</name>
		<pose>Unspecified</pose>
		<truncated>0</truncated>
		<difficult>0</difficult>
		<bndbox>
			<xmin>88</xmin>
			<ymin>50</ymin>
			<xmax>95</xmax>
			<ymax>58</ymax>
		</bndbox>
	</object>
	<object>
		<name>luosi</name>
		<pose>Unspecified</pose>
		<truncated>0</truncated>
		<difficult>0</difficult>
		<bndbox>
			<xmin>105</xmin>
			<ymin>28</ymin>
			<xmax>112</xmax>
			<ymax>34</ymax>
		</bndbox>
	</object>
	<object>
		<name>luosi</name>
		<pose>Unspecified</pose>
		<truncated>0</truncated>
		<difficult>0</difficult>
		<bndbox>
			<xmin>86</xmin>
			<ymin>12</ymin>
			<xmax>91</xmax>
			<ymax>16</ymax>
		</bndbox>
	</object>
</annotation>
