<annotation>
	<folder>img</folder>
	<filename>1661312942456.jpg</filename>
	<path>C:\Users\sipeed\Desktop\fomomore\data\train\img\1661312942456.jpg</path>
	<source>
		<database>Unknown</database>
	</source>
	<size>
		<width>128</width>
		<height>128</height>
		<depth>3</depth>
	</size>
	<segmented>0</segmented>
	<object>
		<name>luosi</name>
		<pose>Unspecified</pose>
		<truncated>0</truncated>
		<difficult>0</difficult>
		<bndbox>
			<xmin>33</xmin>
			<ymin>28</ymin>
			<xmax>41</xmax>
			<ymax>33</ymax>
		</bndbox>
	</object>
	<object>
		<name>luosi</name>
		<pose>Unspecified</pose>
		<truncated>0</truncated>
		<difficult>0</difficult>
		<bndbox>
			<xmin>22</xmin>
			<ymin>41</ymin>
			<xmax>27</xmax>
			<ymax>48</ymax>
		</bndbox>
	</object>
	<object>
		<name>luosi</name>
		<pose>Unspecified</pose>
		<truncated>0</truncated>
		<difficult>0</difficult>
		<bndbox>
			<xmin>10</xmin>
			<ymin>54</ymin>
			<xmax>18</xmax>
			<ymax>60</ymax>
		</bndbox>
	</object>
	<object>
		<name>luosi</name>
		<pose>Unspecified</pose>
		<truncated>0</truncated>
		<difficult>0</difficult>
		<bndbox>
			<xmin>16</xmin>
			<ymin>70</ymin>
			<xmax>22</xmax>
			<ymax>76</ymax>
		</bndbox>
	</object>
	<object>
		<name>luosi</name>
		<pose>Unspecified</pose>
		<truncated>0</truncated>
		<difficult>0</difficult>
		<bndbox>
			<xmin>12</xmin>
			<ymin>79</ymin>
			<xmax>17</xmax>
			<ymax>86</ymax>
		</bndbox>
	</object>
	<object>
		<name>luosi</name>
		<pose>Unspecified</pose>
		<truncated>0</truncated>
		<difficult>0</difficult>
		<bndbox>
			<xmin>19</xmin>
			<ymin>101</ymin>
			<xmax>26</xmax>
			<ymax>108</ymax>
		</bndbox>
	</object>
	<object>
		<name>luosi</name>
		<pose>Unspecified</pose>
		<truncated>0</truncated>
		<difficult>0</difficult>
		<bndbox>
			<xmin>25</xmin>
			<ymin>77</ymin>
			<xmax>31</xmax>
			<ymax>83</ymax>
		</bndbox>
	</object>
	<object>
		<name>luosi</name>
		<pose>Unspecified</pose>
		<truncated>0</truncated>
		<difficult>0</difficult>
		<bndbox>
			<xmin>32</xmin>
			<ymin>90</ymin>
			<xmax>38</xmax>
			<ymax>96</ymax>
		</bndbox>
	</object>
	<object>
		<name>luosi</name>
		<pose>Unspecified</pose>
		<truncated>0</truncated>
		<difficult>0</difficult>
		<bndbox>
			<xmin>35</xmin>
			<ymin>85</ymin>
			<xmax>42</xmax>
			<ymax>91</ymax>
		</bndbox>
	</object>
	<object>
		<name>luosi</name>
		<pose>Unspecified</pose>
		<truncated>0</truncated>
		<difficult>0</difficult>
		<bndbox>
			<xmin>34</xmin>
			<ymin>72</ymin>
			<xmax>40</xmax>
			<ymax>77</ymax>
		</bndbox>
	</object>
	<object>
		<name>luosi</name>
		<pose>Unspecified</pose>
		<truncated>0</truncated>
		<difficult>0</difficult>
		<bndbox>
			<xmin>36</xmin>
			<ymin>49</ymin>
			<xmax>41</xmax>
			<ymax>55</ymax>
		</bndbox>
	</object>
	<object>
		<name>luosi</name>
		<pose>Unspecified</pose>
		<truncated>0</truncated>
		<difficult>0</difficult>
		<bndbox>
			<xmin>43</xmin>
			<ymin>48</ymin>
			<xmax>47</xmax>
			<ymax>54</ymax>
		</bndbox>
	</object>
	<object>
		<name>luosi</name>
		<pose>Unspecified</pose>
		<truncated>0</truncated>
		<difficult>0</difficult>
		<bndbox>
			<xmin>46</xmin>
			<ymin>48</ymin>
			<xmax>53</xmax>
			<ymax>54</ymax>
		</bndbox>
	</object>
	<object>
		<name>luosi</name>
		<pose>Unspecified</pose>
		<truncated>0</truncated>
		<difficult>0</difficult>
		<bndbox>
			<xmin>52</xmin>
			<ymin>56</ymin>
			<xmax>59</xmax>
			<ymax>62</ymax>
		</bndbox>
	</object>
	<object>
		<name>luosi</name>
		<pose>Unspecified</pose>
		<truncated>0</truncated>
		<difficult>0</difficult>
		<bndbox>
			<xmin>55</xmin>
			<ymin>68</ymin>
			<xmax>60</xmax>
			<ymax>73</ymax>
		</bndbox>
	</object>
	<object>
		<name>luosi</name>
		<pose>Unspecified</pose>
		<truncated>0</truncated>
		<difficult>0</difficult>
		<bndbox>
			<xmin>43</xmin>
			<ymin>72</ymin>
			<xmax>50</xmax>
			<ymax>78</ymax>
		</bndbox>
	</object>
	<object>
		<name>luosi</name>
		<pose>Unspecified</pose>
		<truncated>0</truncated>
		<difficult>0</difficult>
		<bndbox>
			<xmin>63</xmin>
			<ymin>66</ymin>
			<xmax>68</xmax>
			<ymax>71</ymax>
		</bndbox>
	</object>
	<object>
		<name>luosi</name>
		<pose>Unspecified</pose>
		<truncated>0</truncated>
		<difficult>0</difficult>
		<bndbox>
			<xmin>68</xmin>
			<ymin>54</ymin>
			<xmax>74</xmax>
			<ymax>59</ymax>
		</bndbox>
	</object>
	<object>
		<name>luosi</name>
		<pose>Unspecified</pose>
		<truncated>0</truncated>
		<difficult>0</difficult>
		<bndbox>
			<xmin>63</xmin>
			<ymin>38</ymin>
			<xmax>70</xmax>
			<ymax>45</ymax>
		</bndbox>
	</object>
	<object>
		<name>luosi</name>
		<pose>Unspecified</pose>
		<truncated>0</truncated>
		<difficult>0</difficult>
		<bndbox>
			<xmin>72</xmin>
			<ymin>35</ymin>
			<xmax>80</xmax>
			<ymax>41</ymax>
		</bndbox>
	</object>
	<object>
		<name>luosi</name>
		<pose>Unspecified</pose>
		<truncated>0</truncated>
		<difficult>0</difficult>
		<bndbox>
			<xmin>78</xmin>
			<ymin>52</ymin>
			<xmax>84</xmax>
			<ymax>59</ymax>
		</bndbox>
	</object>
	<object>
		<name>luosi</name>
		<pose>Unspecified</pose>
		<truncated>0</truncated>
		<difficult>0</difficult>
		<bndbox>
			<xmin>88</xmin>
			<ymin>57</ymin>
			<xmax>96</xmax>
			<ymax>63</ymax>
		</bndbox>
	</object>
	<object>
		<name>luosi</name>
		<pose>Unspecified</pose>
		<truncated>0</truncated>
		<difficult>0</difficult>
		<bndbox>
			<xmin>84</xmin>
			<ymin>67</ymin>
			<xmax>89</xmax>
			<ymax>75</ymax>
		</bndbox>
	</object>
	<object>
		<name>luosi</name>
		<pose>Unspecified</pose>
		<truncated>0</truncated>
		<difficult>0</difficult>
		<bndbox>
			<xmin>72</xmin>
			<ymin>79</ymin>
			<xmax>78</xmax>
			<ymax>84</ymax>
		</bndbox>
	</object>
	<object>
		<name>luosi</name>
		<pose>Unspecified</pose>
		<truncated>0</truncated>
		<difficult>0</difficult>
		<bndbox>
			<xmin>62</xmin>
			<ymin>103</ymin>
			<xmax>69</xmax>
			<ymax>110</ymax>
		</bndbox>
	</object>
	<object>
		<name>luosi</name>
		<pose>Unspecified</pose>
		<truncated>0</truncated>
		<difficult>0</difficult>
		<bndbox>
			<xmin>62</xmin>
			<ymin>111</ymin>
			<xmax>70</xmax>
			<ymax>117</ymax>
		</bndbox>
	</object>
</annotation>
