<annotation>
	<folder>img</folder>
	<filename>1661313352588.jpg</filename>
	<path>C:\Users\sipeed\Desktop\fomomore\data\train\img\1661313352588.jpg</path>
	<source>
		<database>Unknown</database>
	</source>
	<size>
		<width>128</width>
		<height>128</height>
		<depth>3</depth>
	</size>
	<segmented>0</segmented>
	<object>
		<name>luosi</name>
		<pose>Unspecified</pose>
		<truncated>0</truncated>
		<difficult>0</difficult>
		<bndbox>
			<xmin>29</xmin>
			<ymin>22</ymin>
			<xmax>39</xmax>
			<ymax>29</ymax>
		</bndbox>
	</object>
	<object>
		<name>luosi</name>
		<pose>Unspecified</pose>
		<truncated>0</truncated>
		<difficult>0</difficult>
		<bndbox>
			<xmin>27</xmin>
			<ymin>30</ymin>
			<xmax>33</xmax>
			<ymax>38</ymax>
		</bndbox>
	</object>
	<object>
		<name>luosi</name>
		<pose>Unspecified</pose>
		<truncated>0</truncated>
		<difficult>0</difficult>
		<bndbox>
			<xmin>42</xmin>
			<ymin>22</ymin>
			<xmax>50</xmax>
			<ymax>31</ymax>
		</bndbox>
	</object>
	<object>
		<name>luosi</name>
		<pose>Unspecified</pose>
		<truncated>0</truncated>
		<difficult>0</difficult>
		<bndbox>
			<xmin>56</xmin>
			<ymin>23</ymin>
			<xmax>62</xmax>
			<ymax>31</ymax>
		</bndbox>
	</object>
	<object>
		<name>luosi</name>
		<pose>Unspecified</pose>
		<truncated>0</truncated>
		<difficult>0</difficult>
		<bndbox>
			<xmin>62</xmin>
			<ymin>19</ymin>
			<xmax>69</xmax>
			<ymax>26</ymax>
		</bndbox>
	</object>
	<object>
		<name>luosi</name>
		<pose>Unspecified</pose>
		<truncated>0</truncated>
		<difficult>0</difficult>
		<bndbox>
			<xmin>56</xmin>
			<ymin>10</ymin>
			<xmax>65</xmax>
			<ymax>18</ymax>
		</bndbox>
	</object>
	<object>
		<name>luosi</name>
		<pose>Unspecified</pose>
		<truncated>0</truncated>
		<difficult>0</difficult>
		<bndbox>
			<xmin>76</xmin>
			<ymin>20</ymin>
			<xmax>84</xmax>
			<ymax>27</ymax>
		</bndbox>
	</object>
	<object>
		<name>luosi</name>
		<pose>Unspecified</pose>
		<truncated>0</truncated>
		<difficult>0</difficult>
		<bndbox>
			<xmin>88</xmin>
			<ymin>31</ymin>
			<xmax>95</xmax>
			<ymax>38</ymax>
		</bndbox>
	</object>
	<object>
		<name>luosi</name>
		<pose>Unspecified</pose>
		<truncated>0</truncated>
		<difficult>0</difficult>
		<bndbox>
			<xmin>85</xmin>
			<ymin>38</ymin>
			<xmax>91</xmax>
			<ymax>44</ymax>
		</bndbox>
	</object>
	<object>
		<name>luosi</name>
		<pose>Unspecified</pose>
		<truncated>0</truncated>
		<difficult>0</difficult>
		<bndbox>
			<xmin>85</xmin>
			<ymin>45</ymin>
			<xmax>93</xmax>
			<ymax>52</ymax>
		</bndbox>
	</object>
	<object>
		<name>luosi</name>
		<pose>Unspecified</pose>
		<truncated>0</truncated>
		<difficult>0</difficult>
		<bndbox>
			<xmin>97</xmin>
			<ymin>42</ymin>
			<xmax>106</xmax>
			<ymax>50</ymax>
		</bndbox>
	</object>
	<object>
		<name>luosi</name>
		<pose>Unspecified</pose>
		<truncated>0</truncated>
		<difficult>0</difficult>
		<bndbox>
			<xmin>112</xmin>
			<ymin>12</ymin>
			<xmax>119</xmax>
			<ymax>19</ymax>
		</bndbox>
	</object>
	<object>
		<name>luosi</name>
		<pose>Unspecified</pose>
		<truncated>0</truncated>
		<difficult>0</difficult>
		<bndbox>
			<xmin>75</xmin>
			<ymin>47</ymin>
			<xmax>82</xmax>
			<ymax>54</ymax>
		</bndbox>
	</object>
	<object>
		<name>luosi</name>
		<pose>Unspecified</pose>
		<truncated>0</truncated>
		<difficult>0</difficult>
		<bndbox>
			<xmin>66</xmin>
			<ymin>52</ymin>
			<xmax>74</xmax>
			<ymax>59</ymax>
		</bndbox>
	</object>
	<object>
		<name>luosi</name>
		<pose>Unspecified</pose>
		<truncated>0</truncated>
		<difficult>0</difficult>
		<bndbox>
			<xmin>53</xmin>
			<ymin>41</ymin>
			<xmax>60</xmax>
			<ymax>47</ymax>
		</bndbox>
	</object>
	<object>
		<name>luosi</name>
		<pose>Unspecified</pose>
		<truncated>0</truncated>
		<difficult>0</difficult>
		<bndbox>
			<xmin>51</xmin>
			<ymin>49</ymin>
			<xmax>58</xmax>
			<ymax>56</ymax>
		</bndbox>
	</object>
	<object>
		<name>luosi</name>
		<pose>Unspecified</pose>
		<truncated>0</truncated>
		<difficult>0</difficult>
		<bndbox>
			<xmin>51</xmin>
			<ymin>64</ymin>
			<xmax>59</xmax>
			<ymax>71</ymax>
		</bndbox>
	</object>
	<object>
		<name>luosi</name>
		<pose>Unspecified</pose>
		<truncated>0</truncated>
		<difficult>0</difficult>
		<bndbox>
			<xmin>18</xmin>
			<ymin>60</ymin>
			<xmax>25</xmax>
			<ymax>67</ymax>
		</bndbox>
	</object>
	<object>
		<name>luosi</name>
		<pose>Unspecified</pose>
		<truncated>0</truncated>
		<difficult>0</difficult>
		<bndbox>
			<xmin>12</xmin>
			<ymin>82</ymin>
			<xmax>20</xmax>
			<ymax>90</ymax>
		</bndbox>
	</object>
	<object>
		<name>luosi</name>
		<pose>Unspecified</pose>
		<truncated>0</truncated>
		<difficult>0</difficult>
		<bndbox>
			<xmin>28</xmin>
			<ymin>75</ymin>
			<xmax>38</xmax>
			<ymax>81</ymax>
		</bndbox>
	</object>
	<object>
		<name>luosi</name>
		<pose>Unspecified</pose>
		<truncated>0</truncated>
		<difficult>0</difficult>
		<bndbox>
			<xmin>42</xmin>
			<ymin>83</ymin>
			<xmax>47</xmax>
			<ymax>90</ymax>
		</bndbox>
	</object>
	<object>
		<name>luosi</name>
		<pose>Unspecified</pose>
		<truncated>0</truncated>
		<difficult>0</difficult>
		<bndbox>
			<xmin>47</xmin>
			<ymin>87</ymin>
			<xmax>55</xmax>
			<ymax>94</ymax>
		</bndbox>
	</object>
	<object>
		<name>luosi</name>
		<pose>Unspecified</pose>
		<truncated>0</truncated>
		<difficult>0</difficult>
		<bndbox>
			<xmin>67</xmin>
			<ymin>82</ymin>
			<xmax>75</xmax>
			<ymax>90</ymax>
		</bndbox>
	</object>
	<object>
		<name>luosi</name>
		<pose>Unspecified</pose>
		<truncated>0</truncated>
		<difficult>0</difficult>
		<bndbox>
			<xmin>82</xmin>
			<ymin>70</ymin>
			<xmax>92</xmax>
			<ymax>78</ymax>
		</bndbox>
	</object>
	<object>
		<name>luosi</name>
		<pose>Unspecified</pose>
		<truncated>0</truncated>
		<difficult>0</difficult>
		<bndbox>
			<xmin>82</xmin>
			<ymin>85</ymin>
			<xmax>91</xmax>
			<ymax>92</ymax>
		</bndbox>
	</object>
</annotation>
