<annotation>
	<folder>img</folder>
	<filename>1661312942538.jpg</filename>
	<path>C:\Users\sipeed\Desktop\fomomore\data\train\img\1661312942538.jpg</path>
	<source>
		<database>Unknown</database>
	</source>
	<size>
		<width>128</width>
		<height>128</height>
		<depth>3</depth>
	</size>
	<segmented>0</segmented>
	<object>
		<name>luosi</name>
		<pose>Unspecified</pose>
		<truncated>0</truncated>
		<difficult>0</difficult>
		<bndbox>
			<xmin>13</xmin>
			<ymin>43</ymin>
			<xmax>21</xmax>
			<ymax>51</ymax>
		</bndbox>
	</object>
	<object>
		<name>luosi</name>
		<pose>Unspecified</pose>
		<truncated>0</truncated>
		<difficult>0</difficult>
		<bndbox>
			<xmin>29</xmin>
			<ymin>40</ymin>
			<xmax>39</xmax>
			<ymax>46</ymax>
		</bndbox>
	</object>
	<object>
		<name>luosi</name>
		<pose>Unspecified</pose>
		<truncated>0</truncated>
		<difficult>0</difficult>
		<bndbox>
			<xmin>42</xmin>
			<ymin>34</ymin>
			<xmax>51</xmax>
			<ymax>40</ymax>
		</bndbox>
	</object>
	<object>
		<name>luosi</name>
		<pose>Unspecified</pose>
		<truncated>0</truncated>
		<difficult>0</difficult>
		<bndbox>
			<xmin>50</xmin>
			<ymin>37</ymin>
			<xmax>56</xmax>
			<ymax>46</ymax>
		</bndbox>
	</object>
	<object>
		<name>luosi</name>
		<pose>Unspecified</pose>
		<truncated>0</truncated>
		<difficult>0</difficult>
		<bndbox>
			<xmin>42</xmin>
			<ymin>43</ymin>
			<xmax>47</xmax>
			<ymax>49</ymax>
		</bndbox>
	</object>
	<object>
		<name>luosi</name>
		<pose>Unspecified</pose>
		<truncated>0</truncated>
		<difficult>0</difficult>
		<bndbox>
			<xmin>31</xmin>
			<ymin>49</ymin>
			<xmax>39</xmax>
			<ymax>58</ymax>
		</bndbox>
	</object>
	<object>
		<name>luosi</name>
		<pose>Unspecified</pose>
		<truncated>0</truncated>
		<difficult>0</difficult>
		<bndbox>
			<xmin>40</xmin>
			<ymin>49</ymin>
			<xmax>46</xmax>
			<ymax>56</ymax>
		</bndbox>
	</object>
	<object>
		<name>luosi</name>
		<pose>Unspecified</pose>
		<truncated>0</truncated>
		<difficult>0</difficult>
		<bndbox>
			<xmin>46</xmin>
			<ymin>48</ymin>
			<xmax>56</xmax>
			<ymax>57</ymax>
		</bndbox>
	</object>
	<object>
		<name>luosi</name>
		<pose>Unspecified</pose>
		<truncated>0</truncated>
		<difficult>0</difficult>
		<bndbox>
			<xmin>56</xmin>
			<ymin>62</ymin>
			<xmax>61</xmax>
			<ymax>68</ymax>
		</bndbox>
	</object>
	<object>
		<name>luosi</name>
		<pose>Unspecified</pose>
		<truncated>0</truncated>
		<difficult>0</difficult>
		<bndbox>
			<xmin>69</xmin>
			<ymin>49</ymin>
			<xmax>77</xmax>
			<ymax>57</ymax>
		</bndbox>
	</object>
	<object>
		<name>luosi</name>
		<pose>Unspecified</pose>
		<truncated>0</truncated>
		<difficult>0</difficult>
		<bndbox>
			<xmin>83</xmin>
			<ymin>49</ymin>
			<xmax>90</xmax>
			<ymax>56</ymax>
		</bndbox>
	</object>
	<object>
		<name>luosi</name>
		<pose>Unspecified</pose>
		<truncated>0</truncated>
		<difficult>0</difficult>
		<bndbox>
			<xmin>92</xmin>
			<ymin>56</ymin>
			<xmax>101</xmax>
			<ymax>64</ymax>
		</bndbox>
	</object>
	<object>
		<name>luosi</name>
		<pose>Unspecified</pose>
		<truncated>0</truncated>
		<difficult>0</difficult>
		<bndbox>
			<xmin>94</xmin>
			<ymin>67</ymin>
			<xmax>101</xmax>
			<ymax>75</ymax>
		</bndbox>
	</object>
	<object>
		<name>luosi</name>
		<pose>Unspecified</pose>
		<truncated>0</truncated>
		<difficult>0</difficult>
		<bndbox>
			<xmin>74</xmin>
			<ymin>68</ymin>
			<xmax>81</xmax>
			<ymax>75</ymax>
		</bndbox>
	</object>
	<object>
		<name>luosi</name>
		<pose>Unspecified</pose>
		<truncated>0</truncated>
		<difficult>0</difficult>
		<bndbox>
			<xmin>77</xmin>
			<ymin>81</ymin>
			<xmax>84</xmax>
			<ymax>87</ymax>
		</bndbox>
	</object>
	<object>
		<name>luosi</name>
		<pose>Unspecified</pose>
		<truncated>0</truncated>
		<difficult>0</difficult>
		<bndbox>
			<xmin>64</xmin>
			<ymin>96</ymin>
			<xmax>72</xmax>
			<ymax>104</ymax>
		</bndbox>
	</object>
	<object>
		<name>luosi</name>
		<pose>Unspecified</pose>
		<truncated>0</truncated>
		<difficult>0</difficult>
		<bndbox>
			<xmin>61</xmin>
			<ymin>114</ymin>
			<xmax>71</xmax>
			<ymax>123</ymax>
		</bndbox>
	</object>
	<object>
		<name>luosi</name>
		<pose>Unspecified</pose>
		<truncated>0</truncated>
		<difficult>0</difficult>
		<bndbox>
			<xmin>82</xmin>
			<ymin>116</ymin>
			<xmax>89</xmax>
			<ymax>123</ymax>
		</bndbox>
	</object>
	<object>
		<name>luosi</name>
		<pose>Unspecified</pose>
		<truncated>0</truncated>
		<difficult>0</difficult>
		<bndbox>
			<xmin>43</xmin>
			<ymin>96</ymin>
			<xmax>52</xmax>
			<ymax>102</ymax>
		</bndbox>
	</object>
	<object>
		<name>luosi</name>
		<pose>Unspecified</pose>
		<truncated>0</truncated>
		<difficult>0</difficult>
		<bndbox>
			<xmin>30</xmin>
			<ymin>112</ymin>
			<xmax>37</xmax>
			<ymax>121</ymax>
		</bndbox>
	</object>
	<object>
		<name>luosi</name>
		<pose>Unspecified</pose>
		<truncated>0</truncated>
		<difficult>0</difficult>
		<bndbox>
			<xmin>18</xmin>
			<ymin>90</ymin>
			<xmax>24</xmax>
			<ymax>98</ymax>
		</bndbox>
	</object>
	<object>
		<name>luosi</name>
		<pose>Unspecified</pose>
		<truncated>0</truncated>
		<difficult>0</difficult>
		<bndbox>
			<xmin>19</xmin>
			<ymin>81</ymin>
			<xmax>26</xmax>
			<ymax>87</ymax>
		</bndbox>
	</object>
	<object>
		<name>luosi</name>
		<pose>Unspecified</pose>
		<truncated>0</truncated>
		<difficult>0</difficult>
		<bndbox>
			<xmin>20</xmin>
			<ymin>69</ymin>
			<xmax>27</xmax>
			<ymax>76</ymax>
		</bndbox>
	</object>
	<object>
		<name>luosi</name>
		<pose>Unspecified</pose>
		<truncated>0</truncated>
		<difficult>0</difficult>
		<bndbox>
			<xmin>27</xmin>
			<ymin>66</ymin>
			<xmax>35</xmax>
			<ymax>73</ymax>
		</bndbox>
	</object>
	<object>
		<name>luosi</name>
		<pose>Unspecified</pose>
		<truncated>0</truncated>
		<difficult>0</difficult>
		<bndbox>
			<xmin>42</xmin>
			<ymin>67</ymin>
			<xmax>47</xmax>
			<ymax>71</ymax>
		</bndbox>
	</object>
	<object>
		<name>luosi</name>
		<pose>Unspecified</pose>
		<truncated>0</truncated>
		<difficult>0</difficult>
		<bndbox>
			<xmin>48</xmin>
			<ymin>73</ymin>
			<xmax>55</xmax>
			<ymax>81</ymax>
		</bndbox>
	</object>
</annotation>
